timestamp,node_id,distance,rssi,snr,sf,event,packet_success,vib_rms,gas_mean,peak_acc
2025-12-01T14:41:46.249166,1,76,-61.6960001552149,55.33489971470454,9,1,1,0.040865368668183744,8.949962509443111,10.165866891611579
2025-12-01T14:41:46.279602,2,22,-48.52106303098442,68.50983683893502,7,1,1,0.041085211762778774,8.980578323458094,10.048827847303006
2025-12-01T14:41:46.308968,3,17,-46.934668509521906,70.09623136039752,7,1,1,0.0415247752879135,9.015865431209262,10.114096312481882
2025-12-01T14:41:46.341150,4,152,-68.13770751128003,48.89319235863941,12,1,1,0.040845145941406466,8.918063232607485,9.988174029610267
2025-12-01T14:41:46.371046,5,121,-69.58448072404565,47.44641914587379,9,1,1,0.03874076941348948,8.985019434578561,10.16664936861339
2025-12-01T14:41:46.436817,6,12,-41.74016784818285,75.29073202173659,11,1,1,0.04262735078894915,8.979794986557604,10.111057197508881
2025-12-01T14:41:47.503573,1,144,-76.07333024367259,40.95756962624685,9,1,1,0.04051995025989116,9.039498356692942,9.995603056160839
2025-12-01T14:41:47.556136,2,91,-64.49679344974511,52.534106420174325,9,1,1,0.04024996624965025,9.073208933608454,10.0419416444954
2025-12-01T14:41:47.605203,3,153,-73.2063732635125,43.824526606406934,9,1,1,0.04152939370958981,9.087111208400533,10.067331027234335
2025-12-01T14:41:47.649501,4,120,-67.13449325000649,49.89640661991295,10,1,1,0.04068944466640822,9.025398761957902,10.078933494847217
2025-12-01T14:41:47.685576,5,97,-63.2981511775987,53.73274869232074,11,1,1,0.04137013503152348,8.933621395718156,10.005963730714354
2025-12-01T14:41:47.731096,6,28,-53.350112459553934,63.680787410365504,8,1,1,0.042258212068151606,8.969203563279113,10.058969982616317
2025-12-01T14:41:48.784146,1,151,-73.82523162013543,43.20566824978401,10,1,1,0.04069327166890358,8.92743315882989,10.009740157020541
2025-12-01T14:41:48.864106,2,12,-42.06802484546216,74.96287502445728,10,1,1,0.0435916624644773,9.014527617655409,9.956281652864138
2025-12-01T14:41:48.906642,3,48,-57.535992378119516,59.49490749179992,9,1,1,0.03851159159640332,8.925329024132918,10.051323572631746
2025-12-01T14:41:48.938318,4,142,-72.92698090067252,44.10391896924692,10,1,1,0.042521071369736395,8.975405014761705,10.083473801797906
2025-12-01T14:41:48.968068,5,113,-62.222424049649774,54.80847582026966,11,1,1,0.0401459308276554,8.963075043930937,10.193568778105035
2025-12-01T14:41:49.009284,6,22,-54.00868544696546,63.02221442295398,11,1,1,0.04113215799077366,9.009050974881708,10.010790673261736
2025-12-01T14:41:50.074889,1,117,-67.69387243852805,49.33702743139139,12,1,1,0.03951032434438751,9.14800767849501,9.980638781941252
2025-12-01T14:41:50.105857,2,138,-69.45190568779063,47.57899418212881,12,1,1,0.04105163921029492,8.961350565181032,10.063855827642222
2025-12-01T14:41:50.132012,3,81,-60.8469168519841,56.18398301793534,9,1,1,0.04070413396394394,9.054000626928275,10.121976216008145
2025-12-01T14:41:50.168296,4,172,-71.1867743189429,45.84412555097654,12,1,1,0.04253775535559093,8.949843158884146,9.945348038727548
2025-12-01T14:41:50.219380,5,83,-63.97688665258127,53.054013217338166,11,1,1,0.04311437581381252,8.947700797079438,10.137801253383298
2025-12-01T14:41:50.259454,6,135,-71.4391763233507,45.591723546568744,7,1,1,0.0405410356601647,9.084943120488415,10.026363861410271
2025-12-01T14:41:51.322610,1,144,-73.72386153531818,43.30703833460126,8,1,1,0.041289991895051094,9.06357754789687,10.011198336086647
2025-12-01T14:41:51.388469,2,47,-54.416635757486205,62.61426411243323,10,1,1,0.03866968370456422,8.850793616789648,10.01395002324764
2025-12-01T14:41:51.451487,3,66,-57.31227330077198,59.71862656914746,11,1,1,0.04128970585166511,8.990462010743121,9.994340096042182
2025-12-01T14:41:51.515447,4,58,-57.7139966545044,59.31690321541504,8,1,1,0.041743688764051094,8.920943518298678,10.021746501050675
2025-12-01T14:41:51.606796,5,194,-75.58089358932438,41.45000628059506,12,1,1,0.04168147854843772,8.8554128644053,9.872173726145315
2025-12-01T14:41:51.669941,6,159,-72.93591752729742,44.09498234262202,12,1,1,0.04051625745772698,9.047470583630977,9.888542267723665
2025-12-01T14:41:52.720228,1,105,-65.24574394431467,51.78515592560477,12,1,1,0.041639307269346996,8.896067799191695,9.991548831191555
2025-12-01T14:41:52.767887,2,35,-55.36160422100949,61.669295648909944,12,1,1,0.03886521828993546,8.985690963275177,10.038947836934476
2025-12-01T14:41:52.801222,3,37,-53.85180699502399,63.179092874895446,12,1,1,0.03911556394711783,9.06471447185614,10.13363300768022
2025-12-01T14:41:52.829222,4,117,-66.18988429649455,50.84101557342488,7,1,1,0.04133734249712152,8.85020521571407,10.037846959603623
2025-12-01T14:41:52.857407,5,148,-72.66451132956807,44.366388540351366,10,1,1,0.04046692416217293,9.00726101846127,9.964958648147304
2025-12-01T14:41:52.893885,6,103,-64.39045174615408,52.64044812376535,11,1,1,0.03969983801088043,8.947743958130639,10.092098272525273
2025-12-01T14:41:53.954733,1,31,-55.49405493482045,61.53684493509899,7,1,1,0.03746277224325814,8.96875255606639,10.017546570995032
2025-12-01T14:41:53.987819,2,94,-61.813514977048065,55.21738489287137,11,1,1,0.041087258827478,9.076083719829697,10.01195774060001
2025-12-01T14:41:54.020967,3,170,-69.90539213738148,47.125507732537955,12,1,1,0.04182297338139897,8.946106361684794,9.918477665259962
2025-12-01T14:41:54.053683,4,97,-66.77819973097208,50.25270013894736,10,1,1,0.044340608764607395,8.961472601712824,10.203325583493926
2025-12-01T14:41:54.075950,5,38,-52.73066193649665,64.30023793342278,7,1,1,0.0406740187168783,9.079777228134713,10.118680166758445
2025-12-01T14:41:54.099873,6,134,-71.44709701952516,45.58380285039428,10,1,1,0.04171580128686431,8.954739465207123,10.06044811239385
2025-12-01T14:41:55.137836,1,34,-53.569323575846234,63.461576294073204,8,1,1,0.040180704505188125,9.020490014060314,10.014092859321943
2025-12-01T14:41:55.165909,2,86,-69.73161520868919,47.299284661230246,11,1,1,0.03972719939036992,9.00639384458119,10.123363866127864
2025-12-01T14:41:55.196697,3,43,-61.356683652817736,55.6742162171017,11,1,1,0.0411345138109699,9.00154982644078,10.246437036070036
2025-12-01T14:41:55.219273,4,58,-56.48298814303592,60.54791172688352,11,1,1,0.04236379621523933,9.009002863735144,10.124291244241848
2025-12-01T14:41:55.242950,5,61,-63.905103304006786,53.12579656591265,8,1,1,0.04093495435764658,9.04496680568231,10.041605699463842
2025-12-01T14:41:55.271437,6,40,-55.68418581619619,61.34671405372325,7,1,1,0.04108620586195172,9.017973061047325,10.105922497155289
2025-12-01T14:41:56.297117,1,119,-68.34849793235813,48.68240193756131,8,1,1,0.04133543789888469,8.907277769420432,10.020612823913108
2025-12-01T14:41:56.340117,2,30,-49.22260177089945,67.80829809901999,9,1,1,0.03984890534011832,9.128568565348704,10.052142638539879
2025-12-01T14:41:56.364743,3,114,-70.0719296398987,46.95897023002074,8,1,1,0.041152526008452164,9.010615573960264,9.777656309528101
2025-12-01T14:41:56.391173,4,47,-53.54728819389325,63.483611676026186,9,1,1,0.041201760794039866,8.946147112511989,10.015512593818508
2025-12-01T14:41:56.416212,5,91,-65.99408092146655,51.03681894845289,8,1,1,0.04236779474246251,9.032913575801919,9.995621901094433
2025-12-01T14:41:56.441212,6,74,-56.12121729957388,60.90968257034556,7,1,1,0.04189822288095793,8.988497467197366,9.907621207516732
2025-12-01T14:41:57.561984,1,48,-63.016432970218574,54.014466899700864,8,1,1,0.04167794853916477,9.059796043634119,9.866261342827297
2025-12-01T14:41:57.625282,2,197,-71.9502917935116,45.08060807640784,12,1,1,0.03895970518902009,8.954702671021337,10.05353801250618
2025-12-01T14:41:57.652453,3,161,-72.37344285660929,44.65745701331015,11,1,1,0.040831707206015234,8.944407504656473,10.011192551030247
2025-12-01T14:41:57.695616,4,71,-61.17018226929334,55.860717600626096,8,1,1,0.04007646019339272,9.018191580465086,10.003126569657448
2025-12-01T14:41:57.719175,5,76,-62.59959112467295,54.43130874524649,7,1,1,0.04120953081764109,8.969403077956517,10.122648094729755
2025-12-01T14:41:57.745373,6,139,-70.17163583759542,46.85926403232402,10,1,1,0.04003444528606399,8.98982943737877,10.085540996257807
2025-12-01T14:41:58.822952,1,57,-58.0969871756471,58.93391269427234,7,1,1,0.04180411380367053,9.023391443012486,10.198520700218438
2025-12-01T14:41:58.863593,2,32,-53.08031313424769,63.95058673567175,10,1,1,0.03901786672514022,8.91197900650026,10.058572922709372
2025-12-01T14:41:58.905019,3,67,-62.179102678538904,54.851797191380534,12,1,1,0.041363956893437054,9.013975683982457,10.062310110865996
2025-12-01T14:41:58.940137,4,80,-61.27316174195014,55.7577381279693,8,1,1,0.04186327834356777,8.903751608998796,10.028978780033151
2025-12-01T14:41:58.971809,5,115,-66.7219406781405,50.30895919177894,10,1,1,0.040175164917546746,9.14137055734945,10.006793239379327
2025-12-01T14:41:58.996556,6,198,-74.74024457996072,42.29065528995872,11,1,1,0.04174878349414282,8.966714004620593,9.998121207587344
2025-12-01T14:42:00.079497,1,162,-70.53713427507941,46.49376559484003,11,1,1,0.03895723858295976,8.960281592362277,10.067438504179043
2025-12-01T14:42:00.118831,2,61,-61.55057054206456,55.480329327854875,8,1,1,0.03947783371717265,9.196228247522745,9.887878876614595
2025-12-01T14:42:00.153740,3,177,-72.9588960043219,44.07200386559754,8,1,1,0.04293741831009276,9.050650373968702,9.946405294844446
2025-12-01T14:42:00.178873,4,174,-73.08233281315555,43.94856705676389,8,1,1,0.04082506368433547,8.853789202874413,10.00305975848382
2025-12-01T14:42:00.213232,5,188,-79.37132430047494,37.6595755694445,8,1,1,0.04102051001946789,9.096568239170026,9.90768714476207
2025-12-01T14:42:00.248402,6,120,-67.3428776142488,49.68802225567063,12,1,1,0.04207140855320695,9.020484016436521,10.012736877684182
2025-12-01T14:42:01.293916,1,45,-58.35583658166835,58.67506328825109,7,1,1,0.04025148152115017,8.972421141722622,9.960406497795415
2025-12-01T14:42:01.346756,2,178,-69.78605478460778,47.24484508531165,10,1,1,0.04185659847086968,8.994727829413591,9.95060073502451
2025-12-01T14:42:01.385899,3,113,-66.50736113375726,50.52353873616218,7,1,1,0.039695042831505295,9.057310418038371,10.006318789434028
2025-12-01T14:42:01.421566,4,150,-71.78995894683037,45.24094092308907,12,1,1,0.041091320922160814,8.971604962154425,10.013452856281566
2025-12-01T14:42:01.468614,5,23,-53.52820877364672,63.50269109627272,10,1,1,0.0397203321112807,9.070435957202594,10.035150256189835
2025-12-01T14:42:01.503620,6,126,-64.34230801138357,52.68859185853587,11,1,1,0.04038243984864264,8.947333219371332,9.966021347043347
2025-12-01T14:42:02.553401,1,102,-65.14301790368175,51.887881966237686,7,1,1,0.042203328957910985,9.038400739199224,9.983040534383397
2025-12-01T14:42:02.581593,2,80,-57.46074045234902,59.570159417570416,9,1,1,0.04094293539646439,9.056809695140519,10.060768298275184
2025-12-01T14:42:02.612552,3,115,-64.17698491720756,52.853914952711875,9,1,1,0.040751872853396244,9.011641469472178,9.885444153016907
2025-12-01T14:42:02.637290,4,41,-53.47978956174021,63.551110308179226,8,1,1,0.04188333118873974,9.014012246144997,10.003602953049361
2025-12-01T14:42:02.660298,5,70,-60.407457306636246,56.62344256328319,8,1,1,0.04315957755044604,9.023848199929144,9.988624511380337
2025-12-01T14:42:02.688798,6,73,-60.407289496987914,56.62361037293152,9,1,1,0.04201003309429966,8.973761357230275,10.097375847662219
2025-12-01T14:42:03.755111,1,101,-64.61027634061233,52.42062352930711,8,1,1,0.04136143494495176,8.930094689912384,10.05969362830446
2025-12-01T14:42:03.779067,2,145,-73.26784085237188,43.76305901754756,10,1,1,0.039593462058980115,8.927200740839437,10.038826619240613
2025-12-01T14:42:03.845280,3,41,-55.46383601824461,61.567063851674824,11,1,1,0.039924750660732124,8.976240527407356,10.075133179354426
2025-12-01T14:42:03.872182,4,85,-61.024908423973145,56.00599144594629,8,1,1,0.04040147882516638,8.88955322716699,9.971035639069086
2025-12-01T14:42:03.908553,5,86,-64.58250025817048,52.448399611748954,9,1,1,0.039872460277460615,8.967410022195182,9.957381596414494
2025-12-01T14:42:03.947435,6,32,-57.598971702558195,59.43192816736124,11,1,1,0.04262954991730484,9.041487907942816,10.08203753945917
2025-12-01T14:42:05.014304,1,65,-57.0454500598722,59.985449810047236,8,1,1,0.04093409296844342,8.92415980851147,10.100029600005632
2025-12-01T14:42:05.057308,2,155,-69.85738554500492,47.17351432491452,10,1,1,0.04051473161333598,8.954706159561113,10.050808169001474
2025-12-01T14:42:05.091560,3,165,-73.86302489628298,43.16787497363646,10,1,1,0.039482476052996256,8.974777800008836,10.08279220771414
2025-12-01T14:42:05.130830,4,129,-67.89197742364357,49.13892244627587,9,1,1,0.04214140256806859,9.037401674281986,10.054178440018974
2025-12-01T14:42:05.164846,5,52,-60.96368039694195,56.067219472977484,12,1,1,0.0415476496123514,9.066046246367298,10.100111516633747
2025-12-01T14:42:05.204042,6,110,-61.49794329770602,55.532956572213415,8,1,1,0.041343353195379635,8.978125932029517,10.0681143853409
2025-12-01T14:42:06.229903,1,45,-59.392008614687775,57.63889125523166,10,1,1,0.041872696087629835,9.000119403459825,10.041404761092105
2025-12-01T14:42:06.261246,2,48,-60.47627084069948,56.55462902921996,9,1,1,0.04224282259172812,9.065456815932986,10.02356458730089
2025-12-01T14:42:06.286073,3,45,-60.134619272798574,56.896280597120864,7,1,1,0.04032872639904855,9.007741723877084,9.980262906223954
2025-12-01T14:42:06.311072,4,130,-62.7373206427076,54.293579227211836,11,1,1,0.03990446194482908,8.975726449857946,9.936544649230592
2025-12-01T14:42:06.337027,5,136,-63.32935810536955,53.70154176454989,12,1,1,0.04039705517875622,8.973372037754288,10.036519234339861
2025-12-01T14:42:06.365528,6,99,-66.63797219142087,50.392927678498566,12,1,1,0.041478539776815725,8.923099469166218,10.090269751286284
2025-12-01T14:42:07.492479,1,147,-70.22298521093181,46.80791465898763,11,1,1,0.03976219863642008,8.972392108118264,10.177804089161487
2025-12-01T14:42:07.528587,2,153,-67.26754114599467,49.76335872392477,8,1,1,0.04215702576785198,9.110632768098565,10.17399004795214
2025-12-01T14:42:07.557982,3,61,-59.830246581848876,57.20065328807056,9,1,1,0.04289890792266826,8.987388504153435,9.950728248784154
2025-12-01T14:42:07.591297,4,40,-60.26599616921542,56.76490370070402,12,1,1,0.042551089972382605,8.952483516696766,9.955002328395471
2025-12-01T14:42:07.616830,5,55,-58.86048546501645,58.170414404902985,12,1,1,0.03965164440630303,9.05587696067029,9.979249946809242
2025-12-01T14:42:07.643685,6,14,-47.88241321368857,69.14848665623086,11,1,1,0.04001873712334863,9.096495269902888,10.15850269633859
2025-12-01T14:42:08.766478,1,149,-76.82284587994094,40.208053989978495,10,1,1,0.04339727719623775,8.997241505846413,10.002248150690153
2025-12-01T14:42:08.808283,2,117,-69.29862548626022,47.73227438365922,8,1,1,0.03926004310832647,8.908223053998768,10.045180691108051
2025-12-01T14:42:08.898830,3,23,-53.98471782912327,63.04618204079617,12,1,1,0.04132082508265876,9.17359326024076,10.070020364890404
2025-12-01T14:42:08.936933,4,114,-66.85573403776534,50.17516583215409,8,1,1,0.04073652984861681,8.97564685213693,10.143143979653836
2025-12-01T14:42:08.972391,5,51,-61.31680795188049,55.714091918038946,9,1,1,0.04182564197958247,9.104103045377704,9.992639315648344
2025-12-01T14:42:09.009447,6,17,-47.147988551512256,69.88291131840718,9,1,1,0.04176756876101942,8.99734238000625,10.036023901234751
2025-12-01T14:42:10.055972,1,197,-78.51231228579557,38.518587584123864,12,1,1,0.04075079873037045,9.016311012549723,10.017502973804614
2025-12-01T14:42:10.094489,2,168,-75.62790575755348,41.40299411236596,10,1,1,0.04245499873070137,8.945292907397151,10.136617497766892
2025-12-01T14:42:10.126263,3,156,-70.32036565150224,46.710534218417195,9,1,1,0.04083377374562049,9.039762780060707,10.08720590196843
2025-12-01T14:42:10.158602,4,20,-47.54798116939457,69.48291870052486,12,1,1,0.040962783067724155,8.956640617363325,10.086360108493013
2025-12-01T14:42:10.196255,5,98,-67.91697267142791,49.113927198491524,7,1,1,0.04023629374905081,8.9897730144995,9.986831423474106
2025-12-01T14:42:10.248129,6,128,-70.41601399247489,46.61488587744455,8,1,1,0.04098969038134273,8.93294509360774,10.109494602304775
2025-12-01T14:42:11.286505,1,168,-75.05335559638418,41.97754427353526,10,1,1,0.041670670877690025,9.030546784807786,9.846376437897142
2025-12-01T14:42:11.334625,2,179,-76.17791128348966,40.852988586429774,9,1,1,0.04069228959666274,9.051836937256407,10.082396680543951
2025-12-01T14:42:11.373291,3,79,-65.90310357168518,51.12779629823426,7,1,1,0.03975642361279277,9.086324712412996,10.043214226679176
2025-12-01T14:42:11.407827,4,42,-58.95785729534838,58.073042574571055,9,1,1,0.04246146101932565,9.007948017441635,9.904937052915372
2025-12-01T14:42:11.437799,5,199,-73.33494604426788,43.69595382565156,12,1,1,0.040740933779959895,8.98994578644092,10.02045821820772
2025-12-01T14:42:11.471808,6,187,-78.91358572877508,38.11731414114436,11,1,1,0.040069054503805886,8.97014668087488,10.093572624610186
2025-12-01T14:42:12.504707,1,99,-67.52617464374839,49.50472522617105,11,1,1,0.04187637525135532,8.975044122604258,10.142965716540504
2025-12-01T14:42:12.531697,2,65,-65.78010700955664,51.25079286036279,9,1,1,0.04174738535976033,9.055431356574802,10.011132184951135
2025-12-01T14:42:12.583220,3,41,-59.76345504969898,57.267444820220454,8,1,1,0.0401243537433181,9.084589623699104,10.074463041743849
2025-12-01T14:42:12.620943,4,59,-56.1040639918264,60.92683587809304,11,1,1,0.04050808498183604,9.028471098989133,10.076619347615773
2025-12-01T14:42:12.659497,5,87,-65.49371724750215,51.53718262241729,10,1,1,0.040884417991277254,8.956085096398983,10.120075389740114
2025-12-01T14:42:12.695490,6,75,-65.40902570717296,51.62187416274648,7,1,1,0.04257854263259727,9.138009375674123,10.085276439285806
2025-12-01T14:42:13.740372,1,36,-56.68282707470934,60.3480727952101,10,1,1,0.04180547798622485,8.938545547913048,9.93548976233296
2025-12-01T14:42:13.775494,2,104,-69.04713856349862,47.98376130642082,7,1,1,0.04001547956776214,9.049707930161311,9.897689197241894
2025-12-01T14:42:13.808162,3,182,-73.26718220804469,43.76371766187475,8,1,1,0.04014159744710568,8.96058772967918,10.13692936615852
2025-12-01T14:42:13.860557,4,69,-67.88113062645682,49.149769243462615,7,1,1,0.04033174529303633,8.949642890185487,10.118124608803603
2025-12-01T14:42:13.896994,5,191,-80.39860190207077,36.63229796784867,12,1,1,0.04084919073372926,9.027358146168224,10.057082749026955
2025-12-01T14:42:13.953550,6,197,-76.85073781320315,40.180162056716284,12,1,1,0.0412722564837288,8.979333621959185,10.155093499409451
2025-12-01T14:42:15.038359,1,99,-67.01789971257823,50.01300015734121,11,1,1,0.04257760936691628,8.924627950145801,10.062542271514172
2025-12-01T14:42:15.077953,2,82,-67.58730645653435,49.44359341338509,11,1,1,0.04000905056891689,9.114958009797874,9.96129257579812
2025-12-01T14:42:15.123148,3,21,-45.79950960144228,71.23139026847716,11,1,1,0.039310384879120724,8.949771019545482,9.93440162035194
2025-12-01T14:42:15.167485,4,100,-66.00324318385606,51.02765668606338,12,1,1,0.041800763330205076,8.96177842854128,10.01179164591284
2025-12-01T14:42:15.205762,5,46,-55.70474395616303,61.32615591375641,11,1,1,0.041278326231049815,9.060278460648297,10.078257649134756
2025-12-01T14:42:15.250841,6,171,-70.36781136122032,46.66308850869912,10,1,1,0.042396765808214255,8.987868852491383,10.088529856193238
2025-12-01T14:42:16.298871,1,177,-72.4349930102142,44.59590685970524,8,1,1,0.04155429742853891,8.96947059137192,10.068008608801604
2025-12-01T14:42:16.347879,2,77,-63.81899139507874,53.2119084748407,12,1,1,0.040834605540930366,8.880978572404635,9.857685320291333
2025-12-01T14:42:16.393905,3,188,-69.03054624981267,48.000353620106765,12,1,1,0.042110204763682775,8.986401804210129,10.106716613592718
2025-12-01T14:42:16.429037,4,21,-48.35736703898164,68.6735328309378,11,1,1,0.03934476977483255,9.041139747330263,10.019547938522024
2025-12-01T14:42:16.474864,5,76,-65.41804037210352,51.61285949781592,8,1,1,0.0416987700801687,8.983559941699083,10.032204039045265
2025-12-01T14:42:16.510594,6,18,-48.26224056632072,68.76865930359872,7,1,1,0.04178303772635731,8.955402038618804,10.025366786161126
2025-12-01T14:42:17.543613,1,44,-60.84700926815261,56.18389060176683,10,1,1,0.03949717380129285,8.905971540271583,9.921892866316194
2025-12-01T14:42:17.573478,2,87,-67.06907281433183,49.961827055587605,8,1,1,0.04101526170290059,9.006633037858503,10.019607123795383
2025-12-01T14:42:17.610411,3,165,-70.14674698768115,46.88415288223828,9,1,1,0.041314452108858146,9.031060821641926,10.062272308476258
2025-12-01T14:42:17.645407,4,35,-59.86199209939429,57.168907770525145,12,1,1,0.04248617033423195,8.999816537708414,10.12402802626651
2025-12-01T14:42:17.671250,5,82,-64.22752256139049,52.80337730852895,10,1,1,0.04189449709257687,8.9789025790397,10.082226734289224
2025-12-01T14:42:17.697253,6,98,-68.17174070189998,48.85915916801946,10,1,1,0.04049067515351083,8.973341257577294,10.080735582325634
2025-12-01T14:42:18.735311,1,48,-54.68875814474205,62.342141725177385,8,1,1,0.04194940669599664,8.975620535043788,9.950016921497694
2025-12-01T14:42:18.785653,2,72,-59.801498600711625,57.22940126920781,7,1,1,0.039869827202904835,8.946256594489176,9.955020575996976
2025-12-01T14:42:18.819181,3,171,-73.56443902152756,43.466460848391876,12,1,1,0.04346052300400794,9.02075903158536,10.073454261957297
2025-12-01T14:42:18.876578,4,108,-63.22007651818551,53.81082335173393,8,1,1,0.04189482258502563,9.063000853480329,10.176695287733834
2025-12-01T14:42:18.908913,5,178,-75.4986471104038,41.53225275951564,8,1,1,0.043167760311047215,9.034056609146763,10.043243058892404
2025-12-01T14:42:19.010968,6,17,-51.19208844475219,65.83881142516725,9,1,1,0.03905648347992871,9.118652579429142,10.090057998430337
2025-12-01T14:42:20.068241,1,144,-74.10387622952814,42.9270236403913,11,1,1,0.04248596879490948,9.026836509820388,9.912631934170648
2025-12-01T14:42:20.117007,2,137,-68.07664450416978,48.95425536574966,12,1,1,0.04271800522403378,9.086990378421373,10.023317376988398
2025-12-01T14:42:20.165276,3,45,-56.19197064137343,60.83892922854601,12,1,1,0.04126039665588135,8.982498595507781,10.092037932460705
2025-12-01T14:42:20.201775,4,88,-61.12580362798088,55.90509624193856,11,1,1,0.0409470431384856,9.024548899324625,10.09065249899197
2025-12-01T14:42:20.248140,5,139,-70.00379973336348,47.02710013655596,10,1,1,0.04103771797318514,9.08331076925029,10.108299884412325
2025-12-01T14:42:20.297392,6,23,-57.24305950004224,59.787840369877195,7,1,1,0.04135700010412947,8.946965971926867,10.163213792171826
2025-12-01T14:42:21.341061,1,171,-76.9791081120998,40.05179175781964,12,1,1,0.03980011998023383,8.97824797739727,10.01765513475264
2025-12-01T14:42:21.372854,2,139,-77.67106531143075,39.359834558488686,12,1,1,0.03986057579463267,9.125797459860461,9.92146323616451
2025-12-01T14:42:21.405431,3,172,-70.33897890228141,46.691920967638026,8,1,1,0.03892290346906461,9.003515879892614,10.18484005906843
2025-12-01T14:42:21.439609,4,48,-57.319744270103996,59.71115559981544,10,1,1,0.04077488103258765,9.078153866512823,10.003061219559887
2025-12-01T14:42:21.471104,5,159,-72.57074491697442,44.46015495294502,11,1,1,0.04139780178621834,8.951917277476193,10.055547294810005
2025-12-01T14:42:21.510786,6,75,-65.62989466821824,51.401005201701196,10,1,1,0.04131885032393616,8.98034504143721,10.050424124656729
2025-12-01T14:42:22.584487,1,100,-65.24148878623188,51.789411083687554,9,1,1,0.04073807875061983,9.050773357352792,10.10719978558949
2025-12-01T14:42:22.619239,2,37,-52.97889750203449,64.05200236788494,9,1,1,0.03998630820686878,9.063458886830412,10.047086163806133
2025-12-01T14:42:22.656255,3,37,-53.70540212125774,63.3254977486617,7,1,1,0.042207257984799254,8.951672332442183,9.967294941987468
2025-12-01T14:42:22.694323,4,183,-77.5461679122432,39.48473195767623,12,1,1,0.0410084894538531,9.024138239166778,9.959101053848059
2025-12-01T14:42:22.726443,5,67,-62.92402301263756,54.106876857281875,8,1,1,0.03881277991322097,9.097343349466678,10.015114830740599
2025-12-01T14:42:22.764574,6,130,-66.86223013977006,50.168669730149375,12,1,1,0.04218536458757274,9.027926913946784,10.154163276756984
2025-12-01T14:42:23.810797,1,196,-77.56561252925648,39.465287340662954,11,1,1,0.04080360768663325,9.0231551939297,9.977461852088384
2025-12-01T14:42:23.861516,2,107,-70.52352059995374,46.507379269965696,7,1,1,0.040406058731450034,8.95139606027979,10.045348619072966
2025-12-01T14:42:23.894009,3,57,-56.89857868434897,60.13232118557047,8,1,1,0.04034206502317875,8.910028302422997,10.07160388114064
2025-12-01T14:42:23.928524,4,168,-79.82459327430873,37.20630659561071,11,1,1,0.04018300497232615,8.983180177130631,9.98653222477133
2025-12-01T14:42:23.960564,5,39,-59.01016300698795,58.020736862931486,8,1,1,0.039800795187805334,9.047601197420585,9.918324896794497
2025-12-01T14:42:23.992864,6,68,-59.95058496311065,57.08031490680879,11,1,1,0.043324940728861394,8.958623386558981,9.914888154444613
2025-12-01T14:42:25.041186,1,133,-64.70962733654598,52.32127253337346,11,1,1,0.03971596099341358,9.09498460325609,9.920673955418614
2025-12-01T14:42:25.072716,2,98,-68.31089271237049,48.72000715754895,9,1,1,0.04121345974613666,9.17034046995409,10.021601819088467
2025-12-01T14:42:25.110170,3,24,-48.28769088369648,68.74320898622295,9,1,1,0.042198597548296364,8.995256899168133,9.898962014109568
2025-12-01T14:42:25.141334,4,180,-67.25043882241603,49.78046104750341,8,1,1,0.038850088963189366,9.032740158917049,9.946646050387653
2025-12-01T14:42:25.173411,5,65,-63.06859363048747,53.96230623943197,12,1,1,0.04214817471812122,8.88199149436402,9.883569443922315
2025-12-01T14:42:25.196942,6,63,-64.14728682205657,52.883613047862866,8,1,1,0.04044199931786428,9.003332038570232,10.083363083352829
2025-12-01T14:42:26.252105,1,97,-65.80663975633723,51.224260113582204,10,1,1,0.04377405236651821,8.9225690600549,10.090652186801307
2025-12-01T14:42:26.313801,2,179,-72.84273361345802,44.188166256461415,9,1,1,0.042449845841689184,9.044954905795095,10.116265676435042
2025-12-01T14:42:26.373370,3,146,-69.54106829273593,47.48983157718351,11,1,1,0.041804219111484534,8.982332545593788,10.103596862642418
2025-12-01T14:42:26.415269,4,37,-58.052362284915475,58.97853758500396,8,1,1,0.04216936968432917,8.948772699091208,10.020699202885528
2025-12-01T14:42:26.462789,5,154,-75.5094638520677,41.52143601785174,12,1,1,0.043397915884627415,9.01542295862359,10.115774815059426
2025-12-01T14:42:26.502011,6,38,-60.59494625869008,56.43595361122936,11,1,1,0.04094728772241611,9.044243044697062,10.014224679318684
2025-12-01T14:42:27.548029,1,17,-45.08684523725075,71.9440546326687,9,1,1,0.041451582484047844,8.996681952562298,10.001885791842444
2025-12-01T14:42:27.607152,2,184,-73.40040669598663,43.630493173932805,10,1,1,0.0422125917897099,8.999533256800792,10.047600617430417
2025-12-01T14:42:27.642419,3,177,-74.71744366888795,42.313456201031485,11,1,1,0.04184218982191509,8.925437696857776,9.940681848756599
2025-12-01T14:42:27.690391,4,58,-61.043743371597174,55.987156498322264,10,1,1,0.0420162309387936,9.111813603986395,10.176273993397977
2025-12-01T14:42:27.733029,5,184,-71.12806808371555,45.90283178620389,12,1,1,0.04089796133229369,9.02758791534409,10.125470593458056
2025-12-01T14:42:27.797720,6,147,-73.10324879873878,43.92765107118066,10,1,1,0.04075445413821842,8.946684718309601,10.045182628693778
2025-12-01T14:42:28.849433,1,186,-75.63931089636975,41.39158897354969,8,1,1,0.04119839429161445,9.03425679598086,9.978882566832349
2025-12-01T14:42:28.892497,2,22,-51.33478069206615,65.69611917785329,11,1,1,0.039484102511726765,9.06914748887641,10.191240000496727
2025-12-01T14:42:28.946009,3,163,-74.75687704124495,42.27402282867449,10,1,1,0.041175212644974764,9.028820085415912,9.983222738777986
2025-12-01T14:42:28.994859,4,197,-75.9448234428977,41.08607642702174,12,1,1,0.0407614282679995,9.082991095110668,10.060222346647098
2025-12-01T14:42:29.043594,5,19,-47.11230675734208,69.91859311257735,9,1,1,0.04335554554258548,8.983254863715095,9.84074317701112
2025-12-01T14:42:29.085553,6,143,-62.23012115715061,54.800778712768825,11,1,1,0.042788131293975386,8.85508924585604,10.206767350970956
2025-12-01T14:42:30.112394,1,186,-67.87303465917213,49.1578652107473,11,1,1,0.041272515715631064,8.995747581352228,9.925114879282324
2025-12-01T14:42:30.139700,2,186,-71.87440141302363,45.156498456895804,8,1,1,0.041065581222210684,8.920204956456136,10.072710419025771
2025-12-01T14:42:30.171121,3,83,-61.38048953093537,55.65041033898407,12,1,1,0.04093025806711531,8.97887632658057,10.120170190131454
2025-12-01T14:42:30.210584,4,183,-74.37884293717272,42.65205693274672,10,1,1,0.042569379070980504,9.044144897349671,10.067268412609952
2025-12-01T14:42:30.248686,5,162,-72.16669816332114,44.864201706598294,12,1,1,0.0416128714097657,9.154143602720994,9.971943397145987
2025-12-01T14:42:30.287126,6,126,-71.3148877021995,45.71601216771994,9,1,1,0.03983242962372648,9.074285863975643,9.914976293572675
2025-12-01T14:42:31.329408,1,32,-56.07403636882504,60.956863501094396,8,1,1,0.042507902771831564,8.989749707473582,10.120085014543212
2025-12-01T14:42:31.358936,2,88,-66.81303413620935,50.217865733710084,12,1,1,0.038869275762008354,8.962308635477044,9.864727236286928
2025-12-01T14:42:31.390837,3,147,-77.57345161892214,39.4574482509973,12,1,1,0.040103082578565374,9.006964786796651,10.01323369653129
2025-12-01T14:42:31.423169,4,162,-69.38936488459237,47.64153498532707,8,1,1,0.04282827112951581,9.015112183893313,10.030869976619924
2025-12-01T14:42:31.462114,5,166,-74.43442905009285,42.59647081982659,8,1,1,0.03847887492914187,8.962664736374048,10.041104076634369
2025-12-01T14:42:31.494655,6,45,-57.048525784048515,59.98237408587092,8,1,1,0.039773228945644855,9.082823890039501,10.098491815867622
2025-12-01T14:42:32.537072,1,18,-45.10938876719517,71.92151110272427,12,1,1,0.04189091233418107,8.996156351773184,10.107189409245334
2025-12-01T14:42:32.564302,2,19,-47.479988035992406,69.55091183392703,9,1,1,0.0435424456218321,8.99054260781035,10.00812444847687
2025-12-01T14:42:32.596770,3,172,-72.73884903860085,44.29205083131859,8,1,1,0.04199243308922103,9.12530041514471,9.92299871284922
2025-12-01T14:42:32.623552,4,73,-65.42319031790699,51.60770955201245,9,1,1,0.04032613752644327,9.0271761257996,10.04335092787702
2025-12-01T14:42:32.652192,5,70,-59.67527761937807,57.355622250541366,10,1,1,0.04331585000323427,9.02638599559834,10.072744873512004
2025-12-01T14:42:32.679731,6,59,-59.478484477804436,57.552415392115,7,1,1,0.040845563007217825,8.961741644544462,10.00179086049827
2025-12-01T14:42:33.724227,1,143,-65.36599396088116,51.66490590903828,10,1,1,0.04074603857674867,8.988101348038931,9.954817043294593
2025-12-01T14:42:33.753170,2,40,-57.51039964782329,59.520500222096146,7,1,1,0.03944565991206413,9.091866453880822,10.007878577148308
2025-12-01T14:42:33.782184,3,75,-67.59880033605099,49.43209953386845,8,1,1,0.0405951695124817,9.05169311616616,9.97798424642345
2025-12-01T14:42:33.821557,4,168,-77.31270050220506,39.71819936771438,12,1,1,0.03986688848607115,9.003976579376742,10.076763517326578
2025-12-01T14:42:33.863799,5,82,-61.32181590660134,55.7090839633181,7,1,1,0.040839305437823464,9.023220191201464,10.139617935429204
2025-12-01T14:42:33.893028,6,80,-65.55158688950004,51.479312980419394,10,1,1,0.04047213843770159,9.075397457799166,9.9345127358069
2025-12-01T14:42:34.934622,1,182,-72.9129321882572,44.117967681662236,12,1,1,0.04170680251970557,8.935927428127743,10.016359562644467
2025-12-01T14:42:34.972577,2,79,-64.05759720063072,52.973302669288714,10,1,1,0.04203929478830218,9.00114608709348,10.052355086552126
2025-12-01T14:42:35.000111,3,12,-42.10083881863536,74.93006105128407,8,1,1,0.04235270838812402,8.82231069253984,9.972849976645046
2025-12-01T14:42:35.032817,4,110,-69.2305027776556,47.800397092263836,11,1,1,0.04176507096701661,9.05634947766345,10.007806234587731
2025-12-01T14:42:35.065347,5,16,-43.32903420173198,73.70186566818745,10,1,1,0.03992331893771442,8.925913386573612,9.942968363150428
2025-12-01T14:42:35.091361,6,183,-74.51663270254288,42.51426716737656,8,1,1,0.042932263918615876,9.001652057696942,9.97931082382575
2025-12-01T14:42:36.162914,1,133,-66.87500084160924,50.1558990283102,8,1,1,0.03956294761493559,8.835744917440076,9.943468925933853
2025-12-01T14:42:36.186922,2,114,-67.67819185909185,49.352708010827584,8,1,1,0.04215390773483476,8.991330898406682,10.069629891521705
2025-12-01T14:42:36.212491,3,138,-74.3183566995098,42.71254317040963,11,1,1,0.0426236349030168,8.991992824082034,10.063335476505413
2025-12-01T14:42:36.242181,4,64,-64.38607842874345,52.64482144117599,10,1,1,0.04178370696398544,9.070723812124942,9.980778739970681
2025-12-01T14:42:36.269669,5,157,-70.19264988155089,46.838249988368545,11,1,1,0.04271538863256603,8.936869471241168,10.02884011253528
2025-12-01T14:42:36.303292,6,139,-71.87677372018348,45.15412614973596,10,1,1,0.042362818659315134,8.871114524883094,10.03675290750763
2025-12-01T14:42:37.377229,1,12,-39.80941352053598,77.22148634938345,12,1,1,0.04153559394478149,9.008486251903083,10.02930077700584
2025-12-01T14:42:37.419926,2,126,-67.04078018565406,49.99011968426538,10,1,1,0.0424928652365336,8.856721550162442,10.046324914001117
2025-12-01T14:42:37.446932,3,41,-54.856932967419226,62.17396690250021,10,1,1,0.04298093520224953,8.98713429487999,9.980043751751579
2025-12-01T14:42:37.491168,4,182,-75.7454307337894,41.28546913613003,10,1,1,0.040642978242611164,8.934136902622026,9.9232534508568
2025-12-01T14:42:37.537681,5,168,-74.9022570321352,42.12864283778424,11,1,1,0.04057866188777157,9.04838549452015,10.129376006220424
2025-12-01T14:42:37.576881,6,38,-53.17993964353959,63.85096022637985,7,1,1,0.04228233240950326,8.974925821937315,10.089031193514241
2025-12-01T14:42:38.633357,1,124,-69.94020532827332,47.090694541646116,10,1,1,0.0442905043202267,8.973716588906765,10.040990241044476
2025-12-01T14:42:38.738438,2,22,-45.31921750122092,71.71168236869852,8,1,1,0.04081376253207274,9.132684473870682,9.91351050978028
2025-12-01T14:42:38.769428,3,81,-62.42517260717487,54.605727262744566,9,1,1,0.0418907440767447,8.896122864051213,10.064229209594366
2025-12-01T14:42:38.797147,4,196,-75.2492195284715,41.78168034144794,8,1,1,0.04253234962398334,9.030248348418903,10.018115894363106
2025-12-01T14:42:38.831546,5,39,-54.4588736834031,62.57202618651634,12,1,1,0.03908868252190847,9.037615888449466,10.046490002345893
2025-12-01T14:42:38.862552,6,74,-64.63901289030711,52.39188697961232,7,1,1,0.04231901664086951,8.973136704917113,10.000692912979916
2025-12-01T14:42:39.891695,1,198,-80.59064193365096,36.44025793626848,12,1,1,0.043539025571079415,9.079629509851506,10.069139564403143
2025-12-01T14:42:39.918832,2,126,-72.67658971368712,44.354310156232316,10,1,1,0.04176514430133478,9.075456422663546,10.041062026542162
2025-12-01T14:42:39.953070,3,137,-73.03915364459469,43.991746225324746,12,1,1,0.042595701155817255,9.077428433677687,10.141557421766695
2025-12-01T14:42:39.980801,4,119,-70.84959425504194,46.1813056148775,11,1,1,0.043040463872601256,9.060763400099013,10.022395773017777
2025-12-01T14:42:40.010233,5,146,-63.85023866481668,53.18066120510276,9,1,1,0.0413072926362333,9.015239039099734,10.081143606891096
2025-12-01T14:42:40.040759,6,14,-46.756286754154374,70.27461311576506,12,1,1,0.042989954485141375,9.071948968633768,10.089220239361659
2025-12-01T14:42:41.077706,1,64,-64.84956489225294,52.181334977666495,10,1,1,0.04125637869977722,8.965572971282535,10.023113925712808
2025-12-01T14:42:41.112452,2,96,-65.32820566871597,51.70269420120347,8,1,1,0.041258534563424244,9.049707786077928,10.010117712214187
2025-12-01T14:42:41.140713,3,138,-69.29118167440726,47.73971819551218,10,1,1,0.04186640081975088,9.0167405560683,9.999097690148888
2025-12-01T14:42:41.178030,4,85,-66.22055395346351,50.81034591645593,10,1,1,0.042167481324373285,9.063206304570576,10.107372582398039
2025-12-01T14:42:41.223636,5,114,-72.88544454114768,44.14545532877176,7,1,1,0.041017846859130375,8.987946992936958,9.955117427107865
2025-12-01T14:42:41.261083,6,39,-57.001731022102874,60.029168847816564,10,1,1,0.040554479729074625,8.95244775641053,9.943295490253995
2025-12-01T14:42:42.324325,1,76,-63.879634714694454,53.15126515522498,12,1,1,0.04131002734986747,8.979130465157136,10.252547747842804
2025-12-01T14:42:42.391228,2,130,-70.12305576376951,46.90784410614992,12,1,1,0.04259526296922031,9.075936681116728,10.144337933659061
2025-12-01T14:42:42.432668,3,110,-71.17098939848213,45.8599104714373,11,1,1,0.04135051801576323,8.983656272813558,9.95425063242379
2025-12-01T14:42:42.460676,4,92,-62.195112050869106,54.83578781905033,7,1,1,0.041371964275420454,9.063233943542778,10.025685965192721
2025-12-01T14:42:42.488880,5,36,-54.095518118131245,62.93538175178819,7,1,1,0.04006588268174648,8.949695642226853,9.951596354000808
2025-12-01T14:42:42.518945,6,82,-61.87563747349249,55.15526239642695,8,1,1,0.040376163105210326,8.923215380169749,9.984374307859534
2025-12-01T14:42:43.556993,1,56,-59.13432302598838,57.89657684393106,9,1,1,0.041119217520508525,9.01399330195459,9.999623218339027
2025-12-01T14:42:43.597005,2,19,-46.58634876003575,70.44455110988369,10,1,1,0.039711893128897266,9.099070421255735,9.975580248883567
2025-12-01T14:42:43.649263,3,115,-61.63734755359108,55.39355231632836,11,1,1,0.04255983126117892,8.913647019544609,10.026761670881157
2025-12-01T14:42:43.737054,4,10,-37.398654776078374,79.63224509384106,10,1,1,0.03868331485078702,9.035354822065703,10.03695199652984
2025-12-01T14:42:43.785457,5,31,-54.033714806127335,62.9971850637921,8,1,1,0.04026900575101539,9.058909450359609,10.239047299274718
2025-12-01T14:42:43.839235,6,125,-68.41392959164332,48.61697027827611,10,1,1,0.04162178936545852,9.055005446946438,10.000669504506106
2025-12-01T14:42:44.881533,1,55,-54.02539508755068,63.00550478236876,7,1,1,0.04063436441443269,9.059661933716555,10.017085056204834
2025-12-01T14:42:44.916100,2,90,-63.017548317092036,54.0133515528274,10,1,1,0.04134883228437323,8.913639736343907,10.188594043493175
2025-12-01T14:42:44.958572,3,145,-68.67180727206741,48.359092597852026,10,1,1,0.04217484565743614,9.02130272296088,9.971970028769755
2025-12-01T14:42:44.999574,4,101,-69.28831999312683,47.742579876792604,7,1,1,0.04088495108149935,9.066015305227157,10.003788129563082
2025-12-01T14:42:45.041760,5,16,-46.45444262405163,70.5764572458678,8,1,1,0.04182355569025331,8.942340623297737,9.956986510675318
2025-12-01T14:42:45.085347,6,75,-71.75990482288478,45.27099504703466,11,1,1,0.03973421126530244,8.967013189176857,10.049145735628322
2025-12-01T14:42:46.170363,1,53,-58.747482906366024,58.283416963553414,9,1,1,0.04110650932298797,8.982620395736127,10.052166676976421
2025-12-01T14:42:46.264344,2,26,-50.9279992014757,66.10290066844374,10,1,1,0.04093664292493327,8.944698836416004,10.112917510680603
2025-12-01T14:42:46.328505,3,112,-65.67956963648855,51.351330233430886,8,1,1,0.042384914872777346,9.032772005775406,10.044024384935186
2025-12-01T14:42:46.387117,4,122,-71.7109355343,45.31996433561943,8,1,1,0.04127652324125544,9.047199882470844,9.96001376348877
2025-12-01T14:42:46.440287,5,15,-42.9345920522424,74.09630781767703,8,1,1,0.04295130384476426,8.931473431084862,10.120108522465138
2025-12-01T14:42:46.486568,6,69,-62.32289647106471,54.70800339885473,9,1,1,0.04100780598833456,9.058169971793586,10.089374222137792
2025-12-01T14:42:47.555748,1,68,-68.02701104079583,49.00388882912361,11,1,1,0.040981259134623825,8.910071607844214,9.941304331700712
2025-12-01T14:42:47.631498,2,60,-56.20298531256366,60.827914557355776,11,1,1,0.04122502507340606,8.897581293936165,10.016427925402299
2025-12-01T14:42:47.706642,3,104,-66.86023706568105,50.17066280423839,10,1,1,0.04171360031228048,9.03368726595553,10.157269359264568
2025-12-01T14:42:47.789718,4,27,-53.17673445937641,63.854165410543025,7,1,1,0.0414311027170746,8.887501973750318,10.02611136367593
2025-12-01T14:42:47.840996,5,63,-59.011767431269575,58.01913243864986,11,1,1,0.040386330900208815,9.081826008107301,10.01510140677806
2025-12-01T14:42:47.905564,6,109,-62.16255836219056,54.86834150772888,12,1,1,0.041150388627910754,8.972328429860704,10.027723583710788
2025-12-01T14:42:48.957809,1,118,-72.65312701856872,44.37777285135071,7,1,1,0.04044720078415491,9.041861809094984,10.070032354789788
2025-12-01T14:42:49.002605,2,90,-66.41570711933,50.61519275058944,12,1,1,0.040517294975698094,8.899433892450634,9.965245756414468
2025-12-01T14:42:49.062918,3,90,-65.26727107158304,51.7636287983364,12,1,1,0.04217481251653209,9.064221307471067,10.005670629658038
2025-12-01T14:42:49.122267,4,109,-74.28418220782432,42.74671766209512,12,1,1,0.04330361112200141,8.976636709838758,10.038386968371698
2025-12-01T14:42:49.184459,5,86,-61.87748875623741,55.153411113682026,11,1,1,0.041740266123916694,8.946755203001432,9.957453560261646
2025-12-01T14:42:49.241169,6,44,-57.24553198785963,59.78536788205981,9,1,1,0.04080573500977046,9.095858096588461,10.064335413887713
2025-12-01T14:42:50.299712,1,99,-67.99147451333769,49.039425356581745,12,1,1,0.04196275305310413,9.060025089580995,10.00343974589326
2025-12-01T14:42:50.362255,2,61,-62.574651118541475,54.45624875137796,7,1,1,0.04028624704025966,8.967994983626955,10.143514763542514
2025-12-01T14:42:50.407125,3,147,-72.1730744834554,44.85782538646404,12,1,1,0.039156411391573095,8.865579494868074,9.972571796437443
2025-12-01T14:42:50.452247,4,90,-58.83223581903049,58.19866405088895,11,1,1,0.039540279397457606,8.885107978857166,10.017109890585465
2025-12-01T14:42:50.511651,5,157,-72.01993559148575,45.01096427843369,12,1,1,0.0401755577105849,8.901014304682624,10.076674430183889
2025-12-01T14:42:50.561608,6,69,-61.653862056381335,55.3770378135381,7,1,1,0.039682552123638054,8.933204124159257,9.916239762237126
2025-12-01T14:42:51.609462,1,24,-51.62997822737145,65.40092164254798,12,1,1,0.041394975780946114,8.90254933308696,9.97836070281217
2025-12-01T14:42:51.664337,2,76,-62.15903478543533,54.87186508448411,7,1,1,0.040488142278600654,8.968347964676862,10.023951823217145
2025-12-01T14:42:51.708520,3,107,-68.08190313636243,48.94899673355701,9,1,1,0.04345031352494868,9.007067947700754,9.940056815864414
2025-12-01T14:42:51.750789,4,159,-68.91890340859324,48.1119964613262,10,1,1,0.03914355969055062,9.037080429962694,9.976035552711913
2025-12-01T14:42:51.792852,5,133,-73.66213468471429,43.36876518520515,10,1,1,0.04028467600686556,8.990312815836113,10.054853161501256
2025-12-01T14:42:51.837942,6,25,-46.63388416316062,70.39701570675882,10,1,1,0.04186845797994366,8.924156447090507,10.077249349161812
2025-12-01T14:42:52.884165,1,19,-51.8399510620672,65.19094880785224,8,1,1,0.04139665921480907,8.985763342158428,9.795255411048142
2025-12-01T14:42:52.964411,2,199,-74.03981224979665,42.991087620122784,9,1,1,0.04274350785111189,8.948884089563256,10.09036657521692
2025-12-01T14:42:53.018456,3,124,-76.45146739818199,40.57943247173745,10,1,1,0.04100607451649682,9.0571660329079,10.05645552227581
2025-12-01T14:42:53.090132,4,54,-63.92944075378539,53.101459116134045,11,1,1,0.04133864856156135,9.0484310141053,10.015515906565984
2025-12-01T14:42:53.136813,5,31,-50.233048455902676,66.79785141401676,10,1,1,0.04117019949966174,8.99717415299621,10.068959651086892
2025-12-01T14:42:53.195807,6,116,-67.90608798751326,49.12481188240618,11,1,1,0.039909657450704045,8.984795950793528,9.985552017751388
2025-12-01T14:42:54.251085,1,137,-71.18450961654031,45.84639025337913,8,1,1,0.040495293540995195,8.949789285691114,10.030279591198633
2025-12-01T14:42:54.328412,2,88,-64.46561936727127,52.565280502648164,11,1,1,0.04275158790211706,8.97950984674895,9.915447782269966
2025-12-01T14:42:54.391240,3,141,-66.4888739857424,50.542025884177036,11,1,1,0.04069610141625554,8.98669606600794,10.049596354218801
2025-12-01T14:42:54.440025,4,71,-66.06303397697926,50.96786589294018,7,1,1,0.041243715020536115,9.042436386517656,10.091524060606314
2025-12-01T14:42:54.479642,5,129,-71.2146399897111,45.816259880208335,7,1,1,0.039970496633314735,8.988925536109864,10.004675897013694
2025-12-01T14:42:54.528274,6,121,-67.82345622286606,49.20744364705338,10,1,1,0.04095104155558195,9.1429827099118,9.96675590067467
2025-12-01T14:42:55.584283,1,161,-71.07789790605814,45.9530019638613,9,1,1,0.043152377431076375,9.00681413051829,9.985746973460849
2025-12-01T14:42:55.644186,2,46,-58.8822165815586,58.148683288360836,8,1,1,0.042327268789418795,8.948480433014518,9.96896065705757
2025-12-01T14:42:55.700910,3,75,-64.09982278239727,52.93107708752217,9,1,1,0.04126620207292632,9.06033436071477,10.074537352127694
2025-12-01T14:42:55.750827,4,70,-61.05610701551895,55.97479285440049,7,1,1,0.04080286643836791,8.978114902498179,9.984032764799673
2025-12-01T14:42:55.808882,5,40,-56.314355644366486,60.71654422555295,8,1,1,0.04203229699489886,9.033227599825935,10.125609416880486
2025-12-01T14:42:55.862745,6,198,-81.20051264954813,35.83038722037131,12,1,1,0.04143361269612455,8.907905793224817,9.900540642852018
2025-12-01T14:42:56.908877,1,151,-70.57916211552248,46.45173775439696,12,1,1,0.04121220836499171,8.944966668025268,9.930513639567389
2025-12-01T14:42:56.982649,2,115,-65.95394609083239,51.07695377908705,10,1,1,0.03995629822888097,9.023052184282372,10.13886767569904
2025-12-01T14:42:57.056508,3,156,-74.31371886507011,42.71718100484932,12,1,1,0.0414870665788891,8.982119554934759,10.111652933985988
2025-12-01T14:42:57.112188,4,144,-66.05327327697154,50.9776265929479,10,1,1,0.04088104812954066,8.96889116336573,10.047637680524439
2025-12-01T14:42:57.163002,5,84,-66.90028560490214,50.1306142650173,10,1,1,0.03965942174090094,8.826283208788572,10.021527803628725
2025-12-01T14:42:57.217276,6,97,-64.9007095532309,52.13019031668854,9,1,1,0.039387748979137785,8.957305458399214,10.040173761782972
2025-12-01T14:42:58.293799,1,194,-71.66979455525517,45.36110531466427,9,1,1,0.041569450262902964,9.017620498438095,10.039545166450388
2025-12-01T14:42:58.388161,2,40,-52.91560386943752,64.11529600048192,8,1,1,0.04018219449586123,8.852446825531176,9.826156419181489
2025-12-01T14:42:58.438856,3,81,-68.73716036648449,48.29373950343495,9,1,1,0.040898434688698915,8.998509621951774,10.043585869397974
2025-12-01T14:42:58.472767,4,164,-72.2500374303722,44.780862439547235,9,1,1,0.03991275721553571,8.97386813710296,10.106424244503419
2025-12-01T14:42:58.522529,5,106,-73.75263226486297,43.27826760505647,10,1,1,0.03986244325700233,8.956417108905447,10.044619146449211
2025-12-01T14:42:58.558761,6,189,-70.12069199134675,46.91020787857269,12,1,1,0.04095772622168661,9.11413000119963,10.032282791720696
2025-12-01T14:42:59.683453,1,44,-59.52515226013127,57.505747609788166,8,1,1,0.03905756327909244,9.004542560108193,10.005924772051321
2025-12-01T14:42:59.792159,2,90,-61.42057909974489,55.610320770174546,11,1,1,0.04047690828246998,8.951703649332027,10.04714956962212
2025-12-01T14:42:59.881853,3,110,-72.06891607068931,44.961983799230126,8,1,1,0.041321058829027965,9.112324702083399,9.985050559412803
2025-12-01T14:42:59.961740,4,40,-56.78525579085475,60.24564407906469,11,1,1,0.0418008755667852,9.01354246815816,10.032476516622596
2025-12-01T14:43:00.054456,5,174,-71.76500305472155,45.26589681519789,10,1,1,0.04079392958981491,8.974794185030987,9.99388028742009
2025-12-01T14:43:00.279361,6,45,-58.170133468698644,58.86076640122079,8,1,1,0.04102141766396696,8.968351588153396,10.134455638481906
2025-12-01T14:43:01.324874,1,134,-73.5739326447738,43.45696722514563,9,1,1,0.04018990870051002,8.935297161429844,10.140910001172813
2025-12-01T14:43:01.369283,2,174,-70.3678861666189,46.663013703300535,12,1,1,0.04206985729964072,9.064534328950655,10.057823165708317
2025-12-01T14:43:01.427673,3,141,-68.8290612292983,48.20183864062113,12,1,1,0.04151302622281065,8.932807378403789,10.011033937447449
2025-12-01T14:43:01.462898,4,99,-64.88929065400978,52.141609215909654,7,1,1,0.04251339207006965,9.077942830330358,9.97850914224903
2025-12-01T14:43:01.514215,5,16,-47.43390377492867,69.59699609499077,11,1,1,0.040704424170267935,8.98049279534977,9.95675062362434
2025-12-01T14:43:01.559106,6,12,-45.72844986284259,71.30245000707686,11,1,1,0.043092398756682984,8.992861811293148,9.945137040120207
2025-12-01T14:43:02.602230,1,92,-71.36618652530389,45.66471334461555,12,1,1,0.038814629682868335,9.056631392981318,9.984481799315503
2025-12-01T14:43:02.648275,2,127,-70.64091915568939,46.38998071423005,10,1,1,0.04218280870663014,8.935105022706807,9.935095786209802
2025-12-01T14:43:02.686877,3,30,-54.97923347427299,62.05166639564645,7,1,1,0.04181007876431742,8.965973246489726,9.909372023553587
2025-12-01T14:43:02.726669,4,132,-65.4558178621577,51.575082007761736,8,1,1,0.04095457267567786,8.961398513536093,10.120694267452135
2025-12-01T14:43:02.773463,5,46,-59.599660711015744,57.43123915890369,9,1,1,0.04105323354126723,9.10448868324583,10.121696874780119
2025-12-01T14:43:02.823153,6,173,-77.90699999120564,39.1238998787138,12,1,1,0.0414522098617451,9.0106408145779,10.058285912444154
2025-12-01T14:43:03.907181,1,12,-44.5007897277136,72.53011014220584,7,1,1,0.04040399453498475,9.026083488820413,9.93909639546298
2025-12-01T14:43:03.972922,2,151,-74.11920016208315,42.91169970783629,8,1,1,0.04190903736240742,8.97432054835929,9.986335136283866
2025-12-01T14:43:04.048257,3,78,-62.29794488140748,54.732954988511956,11,1,1,0.04260632307603341,9.112683760647247,10.135945421363788
2025-12-01T14:43:04.113369,4,11,-45.55380389968648,71.47709597023297,10,1,1,0.039099590198469085,8.988690076496853,10.065696592532902
2025-12-01T14:43:04.145913,5,137,-68.77300061965992,48.25789925025951,10,1,1,0.04135458274856819,8.92741447526861,10.128209060880277
2025-12-01T14:43:04.174559,6,116,-67.18580305496114,49.845096814958296,10,1,1,0.040324452624453375,9.019403129090318,10.096335200853524
2025-12-01T14:43:05.216472,1,62,-60.53932924922813,56.491570620691306,9,1,1,0.040693461445188206,8.930865909662607,9.997343357822631
2025-12-01T14:43:05.263159,2,136,-70.24417277669406,46.78672709322538,11,1,1,0.03968523519799746,8.916839638346115,10.196999576598476
2025-12-01T14:43:05.320781,3,185,-76.53896831553737,40.49193155438206,12,1,1,0.042203268426872116,8.897320592637836,10.00815512670233
2025-12-01T14:43:05.398647,4,186,-71.89165031633745,45.13924955358199,10,1,1,0.04230681451166926,9.083779798738032,10.075546765373247
2025-12-01T14:43:05.450831,5,89,-68.34327007876517,48.687629791154265,12,1,1,0.04065692966574966,9.050744451690148,10.005009505711294
2025-12-01T14:43:05.526764,6,140,-72.84184125522647,44.18905861469297,11,1,1,0.03959224953804176,9.015870986235225,10.049119455617639
2025-12-01T14:43:06.582598,1,132,-71.13587340935563,45.89502646056381,7,1,1,0.041363105681641026,8.968055634994471,10.096478564156419
2025-12-01T14:43:06.634430,2,186,-76.6139184951176,40.416981374801836,12,1,1,0.041518556499518404,8.975641001443048,9.993027475905674
2025-12-01T14:43:06.686960,3,147,-73.64091717494182,43.38998269497762,10,1,1,0.041100412941471924,9.062231370697287,10.23780891204722
2025-12-01T14:43:06.760796,4,154,-68.25496401620578,48.77593585371366,9,1,1,0.04101111574921479,9.073432783286972,9.959257147171556
2025-12-01T14:43:06.851226,5,181,-73.34337701066752,43.687522859251914,9,1,1,0.040676344284962786,8.907919094606493,9.994949463978703
2025-12-01T14:43:06.911388,6,59,-63.767797962729844,53.26310190718959,9,1,1,0.042952013211142684,8.99078657071519,10.048454309746795
2025-12-01T14:43:07.997557,1,47,-55.635430517978605,61.39546935194083,12,1,1,0.04248673413342587,9.078211177479385,10.102883144225038
2025-12-01T14:43:08.069465,2,179,-76.58871462879021,40.44218524112922,10,1,1,0.04087345863998582,9.075764286927509,10.039569111049609
2025-12-01T14:43:08.120969,3,67,-61.56608805382986,55.46481181608958,12,1,1,0.04069102261669319,8.88898286488644,10.161575564789574
2025-12-01T14:43:08.163626,4,14,-47.02782386345067,70.00307600646877,7,1,1,0.04214202107851532,9.045118714176914,10.017643412713303
2025-12-01T14:43:08.204340,5,178,-72.55126187914718,44.47963799077226,12,1,1,0.04252376906263302,8.945935476870044,10.084540003647724
2025-12-01T14:43:08.233774,6,140,-70.14060168757933,46.8902981823401,12,1,1,0.04045128337246855,8.916210862491234,9.900498446946822
2025-12-01T14:43:09.259788,1,14,-46.45789706706153,70.5730028028579,9,1,1,0.041561315516130536,8.958680530500622,9.97274346910284
2025-12-01T14:43:09.305960,2,145,-71.22826481647922,45.80263505344021,10,1,1,0.04165389116283377,9.06729379167829,9.97694316481402
2025-12-01T14:43:09.330073,3,109,-65.40159237273083,51.629307497188606,12,1,1,0.040968604014448,9.013958122860881,10.045105818769047
2025-12-01T14:43:09.355817,4,98,-66.0851044794594,50.945795390460034,9,1,1,0.039048433890647216,9.020059034330814,9.999751582853174
2025-12-01T14:43:09.386720,5,110,-69.7949331244614,47.23596674545804,8,1,1,0.04113579462117148,9.061286575670646,10.04808656547343
2025-12-01T14:43:09.423166,6,95,-62.44817235303554,54.5827275168839,8,1,1,0.042159392465954404,8.964484957553768,10.01236657968483
2025-12-01T14:43:10.524476,1,62,-56.946054811481595,60.08484505843784,12,1,1,0.04028342224340301,8.966864893723713,9.981639118469326
2025-12-01T14:43:10.567191,2,32,-56.93698157123136,60.09391829868808,8,1,1,0.042743209009950205,8.852843964624984,10.051125179912425
2025-12-01T14:43:10.608907,3,90,-66.4768452880878,50.554054581831636,11,1,1,0.03993341607647122,9.064011372203455,10.029310702442245
2025-12-01T14:43:10.675159,4,83,-63.87080978648775,53.16009008343169,12,1,1,0.04319781625959766,9.027774844376115,9.982760056321291
2025-12-01T14:43:10.708372,5,14,-46.9059662368526,70.12493363306683,12,1,1,0.043337193440673175,9.114826745902235,10.102444147094818
2025-12-01T14:43:10.734369,6,180,-78.18018326301852,38.85071660690092,10,1,1,0.0400911088214757,8.975011473784733,10.049120635265908
2025-12-01T14:43:11.818987,1,24,-45.44785792560385,71.5830419443156,10,1,1,0.04163583525747924,8.945641143816554,9.961257145865995
2025-12-01T14:43:11.870537,2,124,-69.36664049878762,47.66425937113182,8,1,1,0.040168623839125395,8.942029403930272,10.057849562696497
2025-12-01T14:43:11.928003,3,25,-49.86404890172833,67.16685096819111,10,1,1,0.04022334544438515,8.81293125858533,10.086811304970187
2025-12-01T14:43:12.016596,4,98,-68.20118524311651,48.829714626802925,10,1,1,0.04063896725827167,8.918687061939927,9.93098731422456
2025-12-01T14:43:12.070366,5,178,-75.10049248137102,41.93040738854842,12,1,1,0.039919788565353186,8.943980140518395,9.995787884523175
2025-12-01T14:43:12.108422,6,59,-58.931367321699675,58.09953254821976,8,1,1,0.04122467302453844,9.017351317787632,10.03528619293889
2025-12-01T14:43:13.157132,1,77,-63.09066180349874,53.9402380664207,8,1,1,0.039499890715206584,8.8799667220927,9.977342102938145
2025-12-01T14:43:13.209927,2,170,-67.68616435253371,49.34473551738573,8,1,1,0.041497269860797055,9.055437100089488,10.039294658289156
2025-12-01T14:43:13.249992,3,159,-74.87382468415883,42.157075185760604,10,1,1,0.039656913168797235,8.928717770367196,10.033051627404898
2025-12-01T14:43:13.295685,4,69,-63.75108063916878,53.27981923075066,9,1,1,0.04202500911073738,9.129582297816391,10.055495412799083
2025-12-01T14:43:13.338909,5,84,-60.19327117606802,56.837628693851414,11,1,1,0.04110301747381945,9.006723077040068,10.013487899189315
2025-12-01T14:43:13.422660,6,103,-66.89895884524904,50.1319410246704,12,1,1,0.038485865717137316,8.964071476100345,10.018428291835964
2025-12-01T14:43:14.475989,1,12,-43.26111841844763,73.7697814514718,8,1,1,0.04142075122598216,8.951582425886546,9.988281393132505
2025-12-01T14:43:14.512078,2,41,-59.72131194715311,57.309587922766326,12,1,1,0.04013849990920667,8.93906716400594,10.107106868216258
2025-12-01T14:43:14.544415,3,119,-70.10537417773325,46.925525692186184,11,1,1,0.04002536436387839,8.976681029782355,10.016756837994345
2025-12-01T14:43:14.570918,4,126,-68.84301271752024,48.1878871523992,12,1,1,0.040485375250346324,8.97197748845525,10.07040451519393
2025-12-01T14:43:14.596901,5,128,-74.95620631198824,42.0746935579312,7,1,1,0.041203704882280034,9.052518866779321,10.087231892745093
2025-12-01T14:43:14.621514,6,36,-63.43462809324774,53.5962717766717,11,1,1,0.041962773946189795,8.994667007759517,9.964628062523555
